,inicio_termo,tamanho_termo,termo
0,ac,14,acompanhamento
1,au,7,aumenta
2,wo,4,work
3,pr,11,proposition
4,ea,3,eap
5,fl,5,fluxo
6,pe,6,pessoa
7,in,11,investiment
8,or,11,organizando
9,qu,11,qualitativa
10,si,5,sipoc
11,ob,7,obterem
12,vi,5,visao
13,fu,5,funil
14,fu,5,fundo
15,do,4,down
16,fo,7,focando
17,in,10,intermédio
18,al,9,alinhados
19,co,11,compradores
20,in,13,inadimplência
21,im,10,improvável
22,fi,7,fixando
23,sd,4,sdrs
24,en,10,envolvidos
25,at,4,ator
26,me,7,membros
27,ca,10,categorias
28,de,8,delivery
29,ev,3,eve
30,hi,8,hipótese
31,po,15,potencialização
32,té,7,técnica
33,av,6,avalie
34,pr,8,programa
35,br,9,breakdown
36,co,12,consideradas
37,hu,7,humanos
38,am,11,amostragens
39,es,7,estimar
40,fe,11,federativos
41,an,8,antecipe
42,an,7,análise
43,ch,5,chart
44,ho,10,horizontal
45,pa,6,painel
46,ló,6,lógica
47,ka,6,kanban
48,+1,2,+1
49,re,12,relacionador
50,dr,7,drivers
51,vi,12,visualização
52,mé,7,métrica
53,pa,5,papel
54,co,13,colaboradores
55,ni,4,nine
56,ro,5,rotas
57,pm,4,pmes
58,pa,7,padrões
59,ex,9,excelente
60,no,4,novo
61,pa,3,pay
62,wa,3,war
63,pr,9,preparado
64,de,11,development
65,es,12,estatisticas
66,su,12,substituídas
67,pe,6,perdas
68,tr,8,traçando
69,da,5,daqui
70,ár,6,árvore
71,da,5,daily
72,pr,12,profundidade
73,pi,8,pirâmide
74,pr,7,prestam
75,sr,3,srm
76,pe,12,perspectivas
77,br,10,brasileiro
78,co,11,compromisso
79,mã,4,mãos
80,ar,12,arquiteturas
81,el,10,elaborando
82,bo,3,bom
83,ra,6,rating
84,cl,6,clique
85,no,5,novas
86,mé,5,médio
87,pr,9,promoções
88,há,7,hábitos
89,ge,4,gera
90,po,6,portas
91,ow,9,ownership
92,st,6,stream
93,to,5,todos
94,cu,10,cultivando
95,tr,14,transformá-los
96,fa,8,famílias
97,pr,7,pricing
98,im,8,impactam
99,ju,11,julgamentos
100,us,7,usuário
101,pn,3,pnl
102,is,3,iss
103,st,3,stf
104,ex,8,exercida
105,si,9,situações
106,al,11,alavancável
107,co,15,conscientemente
108,re,7,reporte
109,un,8,unbounce
110,fo,7,forçada
111,pr,8,promotor
112,es,12,estruturá-la
113,co,10,compliance
114,or,7,ordenar
115,ca,9,cadastros
116,ét,5,ético
117,re,11,redefinição
118,qu,8,questões
119,re,12,renegociação
120,ot,7,otimize
121,en,8,enquanto
122,pr,8,premissa
123,ba,8,balanced
124,de,12,despreparado
125,va,9,valuation
126,jo,7,journey
127,tr,7,transit
128,vi,8,violenta
129,po,9,pos-money
130,th,8,thinking
131,âm,6,âmbito
132,in,10,investidor
133,co,11,conservador
134,qu,8,qualquer
135,im,11,implantação
136,re,17,responsabilização
137,di,9,direcione
138,e-,5,e-nps
139,ma,6,matrix
140,co,11,colaboração
141,op,13,oportunidades
142,ec,9,econômico
143,ou,12,outplacement
144,sc,9,scrapping
145,at,5,atuar
146,do,6,domina
147,le,8,learning
148,bo,3,boa
149,ri,7,rituais
150,ge,7,gerente
151,br,8,branding
152,pr,9,premissas
153,di,10,divulgação
154,ve,7,versões
155,vi,11,viabilidade
156,en,13,endividamento
157,ra,8,racional
158,co,12,consideração
159,me,11,metodologia
160,ba,7,balance
161,co,8,corretas
162,op,11,oportunista
163,tr,11,trabalhados
164,re,9,rentáveis
165,po,9,possíveis
166,ne,5,neste
167,te,7,testado
168,pl,9,plantadas
169,re,7,retorno
170,de,8,desenhar
171,su,8,sucedida
172,di,9,discussão
173,ex,7,exigido
174,ta,5,taxas
175,ap,14,aproveitamento
176,ef,7,efetivo
177,br,10,brasileira
178,5w,4,5w1h
179,mo,6,motriz
180,es,13,estabelecidos
181,te,10,technology
182,im,9,imediatas
183,in,10,invisíveis
184,pa,8,palavras
185,pa,10,parceladas
186,pa,14,palavras-chave
187,ce,7,centros
188,ma,6,matriz
189,av,7,avaliar
190,mo,9,monitorar
191,co,12,configuração
192,co,13,costbreakdown
193,bu,3,buy
194,es,10,estruturar
195,hu,6,humana
196,pr,8,prejuízo
197,ta,6,tabela
198,ef,6,eficaz
199,ca,16,categorias-chave
200,pr,5,price
201,mó,5,móvel
202,as,9,assegurar
203,re,9,requerida
204,pr,10,praticadas
205,se,6,semana
206,ou,8,outliers
207,ad,6,adotar
208,cr,7,cruzada
209,pa,12,patrimoniais
210,en,13,entendimentos
211,re,11,respectivos
212,im,8,impostos
213,au,13,automatizando
214,di,15,dimensionamento
215,ad,13,administrando
216,po,9,positions
217,cs,4,cssl
218,re,9,revisando
219,or,12,organogramas
220,im,7,imagens
221,fo,12,fornecimento
222,mu,5,mundo
223,ca,10,capacidade
224,an,4,anjo
225,co,8,corredor
226,co,12,conquistando
227,la,7,lavagem
228,of,7,oficina
229,br,5,break
230,pr,8,provável
231,aq,4,aqui
232,po,5,poker
233,at,6,ativos
234,so,3,som
235,as,5,as-is
236,ad,5,adhoc
237,tr,12,tradicionais
238,ne,9,negociado
239,pr,11,prioridades
240,tã,3,tão
241,co,8,contínuo
242,li,4,live
243,im,7,importa
244,pr,14,probabilidades
245,es,12,estatísticas
246,fa,4,fato
247,in,7,indolor
248,id,5,ideal
249,es,13,especificação
250,de,9,desbravar
251,ob,10,observação
252,in,13,interferência
253,ca,15,características
254,co,7,coletar
255,ma,11,maximização
256,ne,12,necessidades
257,in,9,integrada
258,ed,8,educação
259,pm,5,pmbok
260,sc,5,scrum
261,co,12,considerados
262,au,12,automatizada
263,to,9,tomadores
264,el,7,elimine
265,ma,4,maus
266,im,13,implementação
267,pr,9,protótipo
268,pa,11,patrimonial
269,in,8,inflação
270,li,4,lida
271,ge,5,gerir
272,ma,7,massivo
273,id,7,ideação
274,ar,11,arquitetura
275,co,10,construção
276,es,10,estruturas
277,pr,8,praticar
278,ob,10,objectives
279,si,10,sistêmicos
280,fo,10,fortalecer
281,te,13,terceirização
282,40,2,40
283,on,2,on
284,in,13,independentes
285,au,10,aumentando
286,pa,7,parcial
287,mú,5,mútua
288,au,4,aula
289,re,12,relacionadas
290,fg,4,fgts
291,re,7,results
292,in,10,incidentes
293,pv,4,pvex
294,li,5,linha
295,ve,7,venture
296,ex,9,executivo
297,in,8,internos
298,rd,2,rd
299,ex,8,executam
300,co,6,cobrar
301,ca,7,capazes
302,cp,3,cpl
303,su,11,sustentável
304,me,5,mente
305,16,2,16
306,pr,3,prl
307,sc,7,science
308,hu,7,hubspot
309,op,11,operacional
310,im,12,implementada
311,ap,9,aplicadas
312,di,13,disciplinares
313,fa,6,falhas
314,ma,4,mapa
315,tr,13,transferência
316,pl,12,planejamento
317,ta,7,tamanho
318,sé,5,série
319,mo,7,modelos
320,ma,3,man
321,fi,9,finalizou
322,fa,10,faculdades
323,pi,7,piratas
324,me,7,mercado
325,qu,10,qualificar
326,el,9,elencando
327,re,5,renda
328,an,10,analytical
329,sa,6,saídas
330,si,10,sindicatos
331,ad,7,adições
332,re,8,rentável
333,pe,7,persona
334,ti,8,tirá-las
335,re,9,regressão
336,sl,3,sla
337,mo,9,motivação
338,bu,5,build
339,av,8,aventura
340,sp,4,spin
341,re,7,reversa
342,mi,11,minimizando
343,ut,8,utilizar
344,ve,5,veloz
345,on,10,onboarding
346,sa,6,sarima
347,au,10,aumentarão
348,le,11,legislativo
349,we,8,webinars
350,ca,7,capital
351,po,15,potencializando
352,re,8,reuniões
353,ve,7,verdade
354,lí,5,líder
355,de,16,desterceirização
356,ad,9,adaptando
357,fu,10,funcionais
358,mo,8,montante
359,re,13,refurbishment
360,re,7,revelar
361,al,8,alíquota
362,ob,16,obrigatoriedades
363,ac,9,aceitá-lo
364,en,7,entrada
365,po,8,poderosa
366,to,10,totalmente
367,cl,13,classificados
368,at,9,atributos
369,de,9,declarada
370,ve,10,velocidade
371,at,5,atual
372,ac,16,acondicionamento
373,tu,8,turnover
374,me,5,menos
375,co,4,coso
376,po,9,positivos
377,ha,6,hacker
378,pi,4,pick
379,ma,9,mapreduce
380,do,7,docking
381,ap,10,aplicá-los
382,pr,9,projetado
383,ex,10,explicados
384,co,11,consultivas
385,fu,11,fundamentos
386,mú,9,múltiplos
387,di,12,distribuição
388,te,10,termômetro
389,su,14,supervisionada
390,si,7,sistema
391,ge,7,geração
392,di,6,direta
393,in,10,inovadores
394,vi,8,violação
395,cr,7,criação
396,cr,5,criar
397,re,12,reconhecendo
398,at,10,atribuição
399,mo,11,monetizando
400,só,6,sólida
401,de,10,determinar
402,so,8,sourcing
403,co,10,corretoras
404,bi,11,bibliotecas
405,sa,7,salário
406,pr,10,preparação
407,co,10,constantes
408,al,6,alunos
409,as,8,assegure
410,al,8,alocação
411,co,11,comunicação
412,vt,2,vt
413,bo,5,bolsa
414,ba,7,baseada
415,cu,8,customer
416,bo,4,bons
417,di,12,diferenciada
418,to,5,touch
419,ét,6,éticas
420,ju,5,junto
421,pr,6,propõe
422,lí,6,língua
423,pr,11,preventivos
424,li,10,liquidação
425,co,9,correções
426,de,8,derivada
427,pú,12,público-alvo
428,co,6,cofins
429,qu,10,quadrantes
430,ar,5,arima
431,co,10,considerar
432,su,15,supervisionadas
433,ex,8,explicam
434,po,8,positivo
435,es,7,estudos
436,de,6,debate
437,es,7,escalar
438,re,12,recomendação
439,us,7,usufrui
440,pe,10,percepções
441,se,4,self
442,in,8,internas
443,mu,14,multinacionais
444,mv,3,mvv
445,de,10,detectando
446,fi,11,finalização
447,ap,9,aprovadas
448,es,11,estatística
449,al,6,aliada
450,di,11,disponíveis
451,ac,11,acreditação
452,co,13,conformidades
453,ap,5,apoio
454,im,13,imitabilidade
455,ac,7,account
456,ma,10,maturidade
457,am,7,ampliar
458,se,7,selling
459,re,6,reagir
460,tr,6,treine
461,es,8,estágios
462,qu,12,qualitativos
463,de,7,deliver
464,ma,14,macroambientes
465,mu,10,municipais
466,in,15,investidor-anjo
467,fo,6,fontes
468,2×,3,2×2
469,de,8,desejada
470,si,4,size
471,er,4,erre
472,ca,6,captar
473,pe,11,performance
474,fu,11,fundamentar
475,co,12,contingência
476,pr,10,prototipar
477,pi,3,pib
478,ef,8,eficácia
479,ca,7,cadeias
480,tu,4,tudo
481,ta,6,tarefa
482,ge,5,geral
483,ex,10,explicação
484,re,11,revolucione
485,al,7,alterar
486,im,8,importar
487,mo,6,mobile
488,po,12,posicionando
489,có,6,código
490,en,10,entrevista
491,sp,5,spend
492,ta,8,talentos
493,of,8,oferecem
494,in,9,instapage
495,pr,8,projeção
496,co,13,comportamento
497,mo,9,movimento
498,em,10,emocionais
499,in,15,inconsistências
500,se,5,seeds
501,to,4,toda
502,pp,4,ppcp
503,pr,10,processing
504,in,6,insumo
505,ei,6,eights
506,va,7,valores
507,ap,6,aplica
508,di,10,disposição
509,at,9,atraentes
510,ne,11,negociações
511,gr,5,grave
512,ca,4,call
513,fa,7,fatores
514,pr,9,presumido
515,ge,7,gerador
516,ps,16,psicologicamente
517,le,8,lealdade
518,re,17,responsabilidades
519,di,12,diagnósticas
520,cu,5,curva
521,po,8,poderoso
522,pa,13,participativa
523,re,12,recrutamento
524,se,7,serviço
525,in,9,indicador
526,pe,14,periculosidade
527,ro,6,rotina
528,al,9,alavancar
529,bi,7,bilhões
530,tr,14,transformações
531,su,16,sustentabilidade
532,co,9,contratos
533,as,9,assertiva
534,pe,14,personalização
535,e-,6,e-mail
536,po,8,possible
537,co,9,conseguir
538,ca,8,calcular
539,de,9,delegação
540,al,10,algoritmos
541,tr,11,transmissão
542,ca,5,calls
543,im,9,imunidade
544,in,5,input
545,fu,7,futuras
546,tr,6,trello
547,ut,10,utilização
548,co,8,contábil
549,re,7,remoção
550,br,8,briefing
551,2.,5,2.279
552,ca,12,cancelamento
553,ca,13,categorização
554,pe,14,personificando
555,fu,6,fundos
556,co,9,concessão
557,ap,9,aposentar
558,tr,9,tributado
559,ar,2,ar
560,as,6,assume
561,ge,13,gerenciamento
562,fi,10,finalmente
563,at,9,atividade
564,te,6,termos
565,ex,10,exportação
566,qu,4,quão
567,ex,7,externa
568,ac,9,acreditar
569,ca,5,caixa
570,li,8,liquidez
571,ad,14,administrativa
572,un,4,unit
573,in,11,ineficiente
574,of,9,oferecido
575,pr,9,processos
576,in,14,interpretações
577,su,8,supplier
578,su,18,subconscientemente
579,es,7,escolas
580,de,8,descubra
581,ti,4,tipo
582,fa,7,favores
583,co,6,comitê
584,pr,7,private
585,ho,6,horas…
586,ii,2,ii
587,ta,6,tabule
588,el,8,elaborar
589,ba,4,back
590,co,11,consciência
591,mú,5,mútuo
592,pl,7,players
593,co,11,convertendo
594,va,13,variabilidade
595,se,5,setor
596,ar,8,arrojado
597,ne,11,necessários
598,be,4,bens
599,li,10,liderá-los
600,sa,12,sazonalidade
601,fe,8,federais
602,sl,4,slas
603,es,6,escala
604,en,8,enxergar
605,av,9,avaliando
606,ex,10,explicalas
607,ce,6,certas
608,se,12,segmentá-los
609,en,11,encontradas
610,de,8,deixados
611,de,12,desperdícios
612,re,12,revolucionou
613,co,13,completamente
614,ca,11,causas-raiz
615,ke,3,key
616,si,8,sinergia
617,vi,11,visualmente
618,su,10,surpreende
619,fo,12,fornecedores
620,pa,10,pagamentos
621,fi,11,financeiras
622,se,10,selecionar
623,re,6,regras
624,ac,10,acompanhar
625,me,8,mercados
626,vc,2,vc
627,po,8,político
628,vs,2,vs
629,ec,8,economia
630,de,10,debêntures
631,ot,8,otimizar
632,am,7,ameaças
633,al,10,alcançados
634,in,18,indicadores-chaves
635,lí,7,líquido
636,ca,4,caos
637,ex,8,exterior
638,im,10,importante
639,tr,8,tributos
640,op,2,op
641,sa,4,sair
642,dr,6,driver
643,da,5,dados
644,co,7,corners
645,me,8,melhoras
646,va,8,variados
647,ap,11,aproximadas
648,tr,12,transmitidas
649,te,9,tendência
650,in,12,insuficiente
651,co,9,conquista
652,se,9,selecione
653,ap,7,aplique
654,me,4,meta
655,me,10,metamodelo
656,ap,9,aprimorar
657,pe,15,perguntas-chave
658,co,6,coleta
659,id,13,identificados
660,pl,8,planejar
661,at,6,atraem
662,co,9,consultor
663,em,11,empresarial
664,ob,8,objetiva
665,ar,11,arrecadação
666,ti,3,tir
667,to,10,totalidade
668,re,9,resolução
669,va,9,vantajosa
670,bi,3,big
671,20,2,20
672,ba,13,balanceamento
673,in,7,inbound
674,at,7,atuação
675,at,6,atrair
676,ob,9,objetivos
677,co,8,contínua
678,jo,6,johari
679,po,5,poder
680,ca,11,capacidades
681,un,6,unidos
682,in,16,industrializados
683,pr,8,produzir
684,re,8,resposta
685,qu,13,quantitativos
686,cl,8,clássica
687,re,14,reciprocidades
688,la,4,lado
689,er,4,erec
690,ah,3,ahp
691,pr,7,product
692,so,7,sociais
693,en,9,encomenda
694,vi,7,virtual
695,di,9,distância
696,ev,9,eventuais
697,at,4,atue
698,ta,3,tal
699,ba,4,base
700,in,12,inteligência
701,ci,10,circulação
702,in,10,individual
703,in,10,incertezas
704,ad,9,adequados
705,mu,8,mundiais
706,al,7,alinhar
707,ca,10,calculando
708,re,9,resultado
709,et,4,etc…
710,ca,9,carteiras
711,fo,7,formais
712,re,8,retenção
713,tr,5,trata
714,fu,7,fugindo
715,op,10,operations
716,pr,3,pra
717,dp,4,dpge
718,ge,8,gestores
719,pe,8,perdidas
720,sl,6,slogan
721,na,7,natural
722,an,9,analytics
723,co,8,consigam
724,de,10,descritivo
725,im,9,impressão
726,ré,5,régua
727,au,10,autoridade
728,et,4,etom
729,ad,11,administrar
730,de,12,desenvolverá
731,id,13,identificaria
732,fa,5,falta
733,de,6,dentro
734,qu,5,quais
735,se,7,semrush
736,6.,2,6.
737,pe,13,periodicidade
738,ou,6,outras
739,al,6,alocar
740,tr,12,transformada
741,ar,10,artimanhas
742,mé,8,métricas
743,ap,7,aplicar
744,to,8,top-down
745,is,3,iso
746,se,7,segredo
747,in,10,interferir
748,ob,7,obtidas
749,mu,11,multicanais
750,re,9,reconheça
751,mi,14,microambientes
752,ma,9,marketing
753,ab,6,abaixo
754,in,9,interagir
755,pr,6,prazos
756,fi,4,fixo
757,te,4,team
758,ru,4,rumo
759,fa,9,favorável
760,wa,6,watson
761,fo,11,foundations
762,pa,6,pandas
763,ne,4,nets
764,ir,9,irregular
765,cd,3,cdb
766,cr,11,crescimento
767,fa,5,fatos
768,cr,9,criadores
769,em,14,empreendedores
770,te,8,testando
771,mi,6,missão
772,in,8,investir
773,it,8,iteração
774,do,4,dono
775,pr,7,prestes
776,bl,6,blocos
777,es,9,estressar
778,ea,6,earned
779,pr,8,practice
780,ts,2,ts
781,au,8,auxiliem
782,gr,6,growth
783,co,11,conselheiro
784,va,9,validadas
785,co,8,conduzir
786,in,9,incerteza
787,er,6,errado
788,co,7,confiar
789,di,9,dia-a-dia
790,mo,10,modalidade
791,di,12,diferenciado
792,va,7,validar
793,au,12,automatizado
794,re,8,recursos
795,av,6,avalia
796,ma,7,maquete
797,me,4,medo
798,re,12,recebimentos
799,ci,4,cide
800,in,2,in
801,de,8,detectar
802,ag,5,agile
803,ún,5,única
804,co,10,combinação
805,al,10,alcançável
806,ou,6,output
807,co,11,concorridas
808,ap,12,aprendizagem
809,hi,9,histórica
810,gi,7,gigante
811,at,7,atingem
812,of,2,of
813,at,9,atingidos
814,li,11,linearidade
815,ma,7,mapeada
816,re,7,revenue
817,se,10,sequências
818,de,5,death
819,re,7,recente
820,in,9,iniciá-lo
821,to,5,toque
822,po,12,porcentagens
823,so,4,sono
824,ba,5,baixa
825,et,3,eto
826,in,12,investidores
827,es,11,estruturais
828,ge,15,georecrutamento
829,ex,6,expert
830,hi,3,hit
831,di,13,diferenciá-la
832,ma,7,manager
833,in,10,iniciativa
834,at,7,atração
835,de,4,deep
836,ba,9,barreiras
837,ef,7,efetiva
838,de,15,descentralizado
839,co,7,conosco
840,tr,13,transcorrendo
841,ne,12,negociadores
842,au,9,auditoria
843,re,9,reparação
844,sa,8,saudável
845,in,13,interessantes
846,ga,7,gargalo
847,co,10,conhecê-lo
848,va,11,valorizados
849,en,8,envolver
850,de,15,desenvolvimento
851,pv,3,pva
852,el,7,elabore
853,re,10,resultados
854,ca,5,causa
855,cr,7,crítica
856,co,9,controlar
857,nl,3,nlp
858,cá,7,cálculo
859,di,9,diagramas
860,re,5,reinf
861,ca,8,cardápio
862,di,8,divisões
863,se,4,sete
864,no,7,nominal
865,cr,7,crédito
866,pa,7,partner
867,se,5,setup
868,pr,8,práticos
869,de,8,despesas
870,de,9,decisores
871,bo,6,bottom
872,es,13,escalonamento
873,le,5,leais
874,es,13,especializada
875,gu,7,guildas
876,va,8,validada
877,po,4,pool
878,ra,12,radicalmente
879,fa,5,fazer
880,ge,6,gestão
881,in,11,instituindo
882,am,8,ambiente
883,at,8,atitudes
884,lo,9,logístico
885,de,9,demissões
886,pr,10,princípios
887,pl,8,plannnig
888,ap,13,apresentações
889,pr,5,prazo
890,pc,4,pcex
891,pe,8,percurso
892,es,9,estrutura
893,pa,12,parcelamento
894,di,13,dimensionando
895,de,10,definitivo
896,co,9,contribui
897,of,11,offboarding
898,na,7,navegar
899,fo,9,follow-up
900,co,8,condução
901,im,10,importação
902,ev,6,evento
903,hu,5,humor
904,ba,8,baseadas
905,si,3,sim
906,in,10,influencia
907,ca,10,candidatos
908,be,3,bem
909,re,7,recisão
910,pr,8,pretende
911,xy,3,xyz
912,pr,10,primordial
913,cr,6,credor
914,me,5,merge
915,co,8,coincide
916,vc,3,vcs
917,de,6,demais
918,sa,6,salvar
919,ci,6,ciclos
920,pl,5,plano
921,la,7,landing
922,tr,13,transformando
923,cr,7,crítico
924,re,10,retrabalho
925,ex,12,exploratória
926,ca,8,cadência
927,po,8,post-its
928,al,9,alíquotas
929,po,12,possibilitem
930,fg,3,fgc
931,ke,7,keynote
932,de,16,desenvolvimentos
933,ac,12,acompanhando
934,mé,7,métodos
935,ou,5,outra
936,pú,8,públicos
937,ór,5,órgão
938,al,12,alternativas
939,cr,10,cruzamento
940,du,10,duradouras
941,re,9,revolução
942,at,10,atribuindo
943,fl,13,flexibilidade
944,mo,11,modalização
945,me,12,metodologias
946,im,10,impulsiona
947,ág,4,ágil
948,pr,7,process
949,ar,13,armazenamento
950,pr,10,principios
951,al,8,alinhada
952,ex,8,expansão
953,cu,6,custos
954,co,11,consistente
955,co,8,controle
956,fu,12,fundamentais
957,co,9,contrário
958,cr,8,criticas
959,nã,12,não-violenta
960,pr,11,priorizá-lo
961,bu,8,business
962,sa,10,saneamento
963,so,10,solucionar
964,ta,6,target
965,ma,5,maior
966,ka,6,kaizen
967,do,3,dom
968,mé,6,método
969,nú,7,números
970,re,8,rescisão
971,si,3,six
972,ol,10,oligopólio
973,pi,7,pilares
974,su,8,sucessão
975,cr,14,credenciamento
976,in,12,introduzindo
977,tr,7,tráfego
978,pr,11,prospecções
979,ca,8,capitais
980,re,11,recuperação
981,ef,8,efetuada
982,in,12,investigá-lo
983,pr,9,principal
984,fe,8,feedback
985,me,5,mesma
986,sa,5,saldo
987,le,3,lei
988,ut,10,utilizadas
989,es,6,espaço
990,gu,6,guiado
991,su,10,superiores
992,ai,5,ainda
993,ma,7,mark-up
994,ga,6,ganhos
995,de,5,desde
996,ex,8,externas
997,de,13,desenvolvidos
998,co,15,competitividade
999,co,24,construir-medir-aprender
1000,cu,5,custa
1001,re,13,remanejamento
1002,bm,2,bm
1003,re,11,redefinirão
1004,ir,14,irregularidade
1005,tr,13,transparência
1006,fa,5,fases
1007,co,10,cooperação
1008,ac,8,accepted
1009,ac,9,acompanha
1010,co,10,conhecidas
1011,te,8,testagem
1012,ou,6,outros
1013,co,10,convertkit
1014,co,7,conduta
1015,bu,6,budget
1016,pa,16,particularidades
1017,ra,6,racios
1018,co,10,comerciais
1019,or,9,organizam
1020,ne,7,neurais
1021,sc,9,scorecard
1022,im,8,imediato
1023,co,8,construa
1024,po,7,powerbi
1025,pe,8,percorre
1026,ca,11,capacitação
1027,de,7,desejos
1028,it,4,itil
1029,ch,7,chicote
1030,co,7,control
1031,ca,6,cadeia
1032,st,11,storyboards
1033,de,6,destas
1034,in,8,inovador
1035,de,8,denúncia
1036,ne,8,negativo
1037,ac,13,aculturamento
1038,en,11,engajamento
1039,va,10,validation
1040,es,12,especialista
1041,re,10,recomendar
1042,cv,3,cvb
1043,us,4,user
1044,pl,7,planeja
1045,cl,3,clv
1046,id,13,identificando
1047,5w,4,5w2h
1048,to,5,total
1049,aj,8,ajudá-lo
1050,ur,8,urgência
1051,fé,6,férias
1052,ha,10,harmonioso
1053,pr,8,próximos
1054,ba,7,backlog
1055,ma,8,mapeados
1056,ir,2,ir
1057,de,14,demonstrativos
1058,at,6,atuais
1059,fi,5,firme
1060,el,10,elicitação
1061,al,11,alinhamento
1062,ex,10,executivos
1063,mo,5,model
1064,ge,9,genéticos
1065,sh,5,shift
1066,co,8,conceito
1067,pe,6,perdão
1068,ex,8,expandir
1069,ir,4,ircs
1070,so,5,sobre
1071,de,9,demonstra
1072,se,11,sensibidade
1073,co,12,contratações
1074,pr,7,projeto
1075,mi,9,minimizar
1076,cl,5,clara
1077,te,10,tesouraria
1078,pr,11,provocações
1079,st,10,storyboard
1080,ev,12,evidenciação
1081,av,7,avançar
1082,de,7,desenho
1083,or,10,orientadas
1084,tr,8,transfer
1085,ob,13,obsolescência
1086,ch,9,checklist
1087,sé,6,séries
1088,as,7,aspecto
1089,fl,9,flexíveis
1090,re,12,recentemente
1091,in,12,infusionsoft
1092,ct,3,cta
1093,tr,10,tributária
1094,co,11,commodities
1095,co,4,cole
1096,di,12,diferenciais
1097,ne,5,nesse
1098,jo,7,jornada
1099,me,9,metáforas
1100,pe,11,pensamentos
1101,se,8,sendgrid
1102,co,8,corrente
1103,me,10,melhorando
1104,pr,8,prospect
1105,al,5,algum
1106,di,9,dinâmicos
1107,al,8,alinhado
1108,en,8,entradas
1109,ef,6,efeito
1110,al,9,alteração
1111,re,13,requerimentos
1112,co,9,concepção
1113,pi,10,pis-cofins
1114,id,14,identificá-las
1115,he,11,heurísticos
1116,su,10,sucessores
1117,in,12,interessadas
1118,co,8,conflito
1119,te,10,tecnologia
1120,de,9,desligado
1121,cr,6,crises
1122,le,4,lean
1123,pm,3,pmi
1124,mi,7,mitigar
1125,má,7,máquina
1126,cl,9,cláusulas
1127,ga,6,gastos
1128,au,7,aumente
1129,al,6,alerta
1130,re,9,reentrega
1131,vi,4,vida
1132,po,9,potencial
1133,es,11,estruturado
1134,di,10,dimensione
1135,cu,10,cumulativo
1136,tr,8,trazidos
1137,se,6,sempre
1138,an,6,anuais
1139,co,9,confiança
1140,te,6,teoria
1141,et,6,etapas
1142,po,9,positivas
1143,cl,8,clientes
1144,es,7,estilos
1145,fu,14,funcionalidade
1146,op,4,opex
1147,co,8,complexa
1148,té,8,técnicas
1149,aç,5,ações
1150,de,13,desenvolvendo
1151,bl,5,blogs
1152,co,8,cobrança
1153,co,8,consenso
1154,re,7,retidos
1155,ec,20,econômico-financeira
1156,im,2,im
1157,re,7,receita
1158,fo,8,formação
1159,in,10,integrados
1160,re,11,resolve-los
1161,sq,3,sql
1162,co,9,controles
1163,es,7,estágio
1164,go,6,google
1165,ac,7,acelere
1166,af,6,afetar
1167,op,6,opções
1168,di,9,divertida
1169,vp,3,vpl
1170,ch,6,change
1171,ca,4,carf
1172,ca,8,causando
1173,em,7,empresa
1174,se,6,segura
1175,ca,7,causais
1176,ri,4,risk
1177,pr,9,progresso
1178,ha,10,habilidade
1179,ex,10,explicadas
1180,ca,6,cargos
1181,ma,7,machine
1182,ex,10,exploração
1183,ne,8,negócios
1184,fi,11,finalizando
1185,io,3,iot
1186,es,12,estruturação
1187,ut,7,utiliza
1188,de,8,detecção
1189,in,11,instrumento
1190,ag,9,agregador
1191,cp,3,cpa
1192,do,12,documentados
1193,pr,8,práticas
1194,ex,9,explicada
1195,di,9,divertido
1196,ql,9,qliksense
1197,ou,5,outro
1198,re,10,relutância
1199,id,11,identificou
1200,va,8,variável
1201,vi,5,vigor
1202,11,2,11
1203,in,10,incorretos
1204,vr,2,vr
1205,fe,9,federação
1206,de,12,desenvolvido
1207,an,9,anomalias
1208,tr,7,truques
1209,km,6,kmeans
1210,ap,11,aperfeiçoar
1211,fo,8,formando
1212,in,13,internacional
1213,co,12,conhecimento
1214,ap,13,aposentadoria
1215,de,15,definitivamente
1216,pe,10,persuasiva
1217,ho,4,hoje
1218,de,10,defini-las
1219,di,12,direcionando
1220,di,7,disputa
1221,nu,13,numericamente
1222,ca,12,capacitações
1223,su,11,surpreender
1224,fr,7,fraudes
1225,pu,4,push
1226,du,8,duopólio
1227,ab,11,abordaremos
1228,cl,7,cliente
1229,p.,4,p.o.
1230,re,10,resolvendo
1231,cl,13,classificação
1232,vu,16,vulnerabilidades
1233,ex,9,exclusões
1234,pr,7,problem
1235,li,6,lições
1236,be,9,beliscada
1237,in,9,interfere
1238,am,11,amortização
1239,ra,4,rara
1240,co,10,conquistar
1241,em,5,email
1242,fl,6,fluida
1243,ar,9,argumente
1244,di,13,diferenciadas
1245,li,9,liderança
1246,ce,12,certificação
1247,vi,9,visualize
1248,ro,7,robotic
1249,co,9,condições
1250,cu,7,custeio
1251,mt,3,mto
1252,au,8,auxiliam
1253,di,8,discurso
1254,cr,13,cross-selling
1255,de,10,designação
1256,em,8,empresas
1257,ba,5,baixo
1258,ab,13,abastecimento
1259,ét,5,ética
1260,ma,10,matplotlib
1261,so,7,solução
1262,co,5,comum
1263,im,7,impedem
1264,de,6,design
1265,pr,11,priorizando
1266,ca,8,carteira
1267,fa,8,falência
1268,vi,10,viabilizar
1269,fl,5,floor
1270,in,7,inteiro
1271,bá,6,básico
1272,wo,9,workshops
1273,or,6,ordens
1274,co,11,consultando
1275,to,6,topics
1276,vo,6,volume
1277,au,9,autonomia
1278,cl,5,clima
1279,av,6,avançe
1280,te,6,temido
1281,at,11,atribuições
1282,an,5,antes
1283,pá,7,páginas
1284,re,14,regulamentação
1285,pr,9,presentes
1286,py,6,python
1287,ce,8,certeiro
1288,cr,5,crise
1289,ir,4,irpj
1290,di,11,diferencial
1291,ad,15,administrativos
1292,be,10,benefícios
1293,de,10,detrimento
1294,ed,3,eds
1295,et,5,etapa
1296,fe,10,fechamento
1297,po,7,porquês
1298,co,10,consolidar
1299,le,9,leiteiras
1300,di,12,diversificar
1301,co,12,considerando
1302,de,9,demandada
1303,fi,8,finanças
1304,ef,9,eficiente
1305,hi,9,hipóteses
1306,tr,12,trabalhistas
1307,ve,8,vendedor
1308,nu,6,nutrir
1309,ch,6,chaves
1310,ec,9,econômica
1311,rb,3,rbv
1312,ár,4,área
1313,fr,10,frequência
1314,po,13,potencializam
1315,re,4,real
1316,li,10,lideranças
1317,pe,8,perfeita
1318,re,11,recebimento
1319,cu,7,cultura
1320,es,6,estime
1321,ju,6,juntar
1322,si,8,sinônimo
1323,af,5,afeta
1324,po,8,possível
1325,en,5,então
1326,in,11,interrupção
1327,pe,10,perdimento
1328,ti,8,timeline
1329,br,11,brincadeira
1330,al,9,almejados
1331,re,9,relaciona
1332,mú,9,múltiplas
1333,ap,9,aprovação
1334,au,10,automation
1335,fa,5,falso
1336,ve,8,vencidas
1337,fo,5,força
1338,ag,7,agregar
1339,pa,12,particulares
1340,co,12,compromissos
1341,sh,5,share
1342,re,7,recurso
1343,in,16,indicadoresplano
1344,ve,10,verdadeira
1345,qu,7,quantum
1346,re,11,recolocação
1347,ge,8,gerencia
1348,co,11,contratuais
1349,co,10,comparando
1350,sa,11,satisfeitos
1351,au,13,automotivação
1352,de,8,deduzido
1353,no,7,norteia
1354,le,12,levantamento
1355,pr,9,produtiva
1356,ct,4,ctas
1357,co,8,conectar
1358,si,8,sindical
1359,ib,3,ibm
1360,e-,7,e-mails
1361,co,8,completa
1362,fu,6,funnel
1363,rá,7,rápidas
1364,tr,13,trabalhadores
1365,sp,6,spears
1366,au,9,aumentada
1367,lo,6,longe.
1368,pe,7,período
1369,ka,6,kanitz
1370,br,13,brainstorming
1371,si,4,site
1372,vi,6,viável
1373,oc,7,ocorrer
1374,es,8,estrelas
1375,la,8,lançá-lo
1376,de,8,descobre
1377,si,11,sistemático
1378,es,9,especiais
1379,va,6,variar
1380,re,15,representatives
1381,es,9,estimular
1382,ni,5,nisso
1383,re,10,referência
1384,po,13,positivamente
1385,de,10,descritiva
1386,so,13,sobrevivência
1387,ex,12,expectativas
1388,mo,5,monte
1389,nu,8,nutrição
1390,co,7,confira
1391,ga,8,garantir
1392,to,7,tomadas
1393,ju,8,julgadas
1394,lo,4,loss
1395,li,8,limitada
1396,co,5,cobit
1397,ca,6,canais
1398,po,9,polêmicas
1399,ha,7,harvard
1400,fi,3,fim
1401,pr,9,prestígio
1402,fa,11,faturamento
1403,ap,11,apropriadas
1404,al,12,alinhamentos
1405,fe,6,feitos
1406,me,6,mestre
1407,ge,8,gerações
1408,in,10,inovadoras
1409,di,8,diversos
1410,ef,7,efetuar
1411,an,9,analítico
1412,pr,14,pré-requisitos
1413,op,9,operações
1414,af,9,afinidade
1415,pl,10,planejando
1416,qu,6,quadro
1417,me,7,mensura
1418,de,10,decorrente
1419,go,7,governo
1420,at,10,atividades
1421,or,11,orientações
1422,re,11,representam
1423,ou,7,ouvinte
1424,pd,4,pdca
1425,id,8,idêntico
1426,de,13,desequilibram
1427,va,3,van
1428,ba,5,batna
1429,gr,6,grande
1430,di,7,disparo
1431,di,11,direcionado
1432,ma,5,malha
1433,cr,3,crm
1434,au,8,aumentar
1435,pr,7,pressão
1436,pm,3,pmo
1437,so,5,sorte
1438,ví,7,vínculo
1439,ou,9,ouvidoria
1440,ap,11,aprimorando
1441,pa,8,panorama
1442,mí,6,mídias
1443,di,12,diagnosticar
1444,es,5,estar
1445,do,4,done
1446,ca,5,capex
1447,fi,10,financeiro
1448,gu,5,guiar
1449,hi,9,histórico
1450,ad,9,adequação
1451,fo,10,formulário
1452,co,9,coletando
1453,in,11,insolvência
1454,te,4,tema
1455,mo,8,moderado
1456,in,9,incluídos
1457,in,9,investors
1458,ca,3,cap
1459,ex,14,exequibilidade
1460,co,5,corpo
1461,po,7,pontuar
1462,ab,10,absorvidas
1463,aq,9,aquisição
1464,cp,3,cpm
1465,de,11,desperdício
1466,em,9,emocional
1467,se,11,segmentados
1468,me,8,mensurar
1469,an,11,analisarmos
1470,em,7,emoções
1471,ft,3,fta
1472,en,7,engajar
1473,to,6,tomada
1474,cu,5,curto
1475,in,10,incidência
1476,eq,6,equipe
1477,tr,6,tribos
1478,re,10,relevância
1479,ve,3,ver
1480,re,6,regime
1481,pa,5,pacto
1482,or,5,ordem
1483,co,11,comunicador
1484,id,14,identificá-los
1485,em,14,emocionalmente
1486,au,10,automática
1487,fo,7,fornece
1488,in,10,inventário
1489,di,11,diariamente
1490,ti,6,ticket
1491,pó,3,pós
1492,di,11,diferenciar
1493,or,15,organizacionais
1494,so,8,soluções
1495,pa,6,países
1496,ap,11,aprendizado
1497,ge,11,generalista
1498,bs,3,bsc
1499,de,11,descobertas
1500,tr,5,troca
1501,pr,10,promissora
1502,up,9,upselling
1503,ch,5,chain
1504,co,5,coisa
1505,of,8,oferecer
1506,nu,5,numpy
1507,in,7,inicial
1508,fe,10,ferramenta
1509,mu,13,multicultural
1510,su,7,suporte
1511,fi,4,fixa
1512,ad,10,adquiridas
1513,li,8,listados
1514,ok,4,okrs
1515,me,4,meio
1516,fu,11,fundamental
1517,hu,6,humano
1518,ut,9,utilizado
1519,es,10,escondidos
1520,ki,4,kiqs
1521,se,9,sensivity
1522,im,13,implementando
1523,ob,11,observáveis
1524,re,8,resolveu
1525,co,11,colaborador
1526,he,10,headcounts
1527,de,11,descobrindo
1528,qu,9,quaisquer
1529,ev,3,evp
1530,co,9,comissões
1531,ev,6,evitar
1532,as,10,associação
1533,no,5,nosql
1534,co,12,contribuição
1535,re,14,relacionamento
1536,te,9,temporais
1537,fo,8,formatos
1538,ob,15,obrigatoriedade
1539,mó,6,módulo
1540,un,10,university
1541,ba,6,baixos
1542,te,6,testar
1543,de,7,desvios
1544,bu,8,buzzsumo
1545,po,9,portfolio
1546,us,7,usuária
1547,ga,10,garantidor
1548,ví,8,vínculos
1549,di,9,dispostas
1550,ex,11,experiência
1551,in,10,influência
1552,di,13,diferenciação
1553,or,9,orçamento
1554,au,8,auxiliar
1555,im,7,impacta
1556,co,12,competências
1557,bô,5,bônus
1558,rf,3,rfp
1559,at,10,ativamente
1560,ze,4,zero
1561,us,5,usada
1562,5-,5,5-why
1563,es,8,estoques
1564,es,9,esperadas
1565,tr,9,transação
1566,co,12,conformidade
1567,du,7,duração
1568,or,12,organizações
1569,re,9,realmente
1570,me,9,melhorias
1571,de,8,desenhos
1572,el,10,elaboração
1573,do,6,domine
1574,fi,5,fisco
1575,mb,4,mbti
1576,ge,12,geomarketing
1577,in,9,indiretos
1578,pa,8,parceiro
1579,si,9,sinônimos
1580,va,5,vacas
1581,ps,10,psicologia
1582,im,9,implantar
1583,th,9,thinking…
1584,ne,11,necessidade
1585,ar,4,arte
1586,se,10,segregação
1587,lo,11,localização
1588,dé,7,débitos
1589,em,10,employment
1590,st,7,steeple
1591,me,7,metrics
1592,fi,3,fit
1593,as,9,assertivo
1594,wi,10,wireframes
1595,va,9,variáveis
1596,di,10,direcionar
1597,re,6,reaver
1598,ve,3,vez
1599,co,7,confuso
1600,di,11,disruptivos
1601,pr,8,promoter
1602,ad,13,administração
1603,pó,16,pós-instrucional
1604,hi,11,hierarquias
1605,vi,6,vindas
1606,im,11,implicações
1607,ma,7,mailing
1608,op,12,operacionais
1609,ga,10,garantindo
1610,ad,9,admissões
1611,ex,9,exposição
1612,di,3,dia
1613,ex,5,excel
1614,dí,6,dívida
1615,li,5,lista
1616,va,5,valor
1617,en,12,entendimento
1618,pa,7,passivo
1619,ne,10,networking
1620,do,8,dobradas
1621,si,5,sigma
1622,ju,13,justificativa
1623,re,3,rep
1624,au,9,automação
1625,oc,6,oceano
1626,pa,9,pagadores
1627,pr,8,presente
1628,as,6,assola
1629,ef,7,efeitos
1630,in,10,interações
1631,ro,12,roteirização
1632,al,9,altamente
1633,ar,10,argumentos
1634,mo,8,monitore
1635,in,11,influências
1636,es,11,espetacular
1637,ex,10,executivas
1638,me,6,mensal
1639,fi,6,finish
1640,ja,6,janela
1641,re,8,registro
1642,fu,7,funções
1643,ma,6,manual
1644,pr,8,processo
1645,de,7,decisão
1646,pa,8,passivos
1647,vs,3,vsm
1648,fu,5,fusão
1649,di,10,direcionam
1650,de,11,derivativos
1651,po,8,position
1652,pr,9,pré-teste
1653,in,12,investigação
1654,di,8,digitais
1655,ad,9,adaptação
1656,en,7,envolve
1657,na,8,natureza
1658,le,4,lead
1659,vá,6,várias
1660,co,7,contato
1661,gu,3,guy
1662,se,5,serem
1663,of,6,office
1664,or,8,oratória
1665,pr,9,prejuízos
1666,sa,9,salariais
1667,pr,11,promocional
1668,di,14,diversificá-lo
1669,se,13,sensibilidade
1670,se,7,sentido
1671,pe,4,pena
1672,ad,10,aduaneiras
1673,cu,7,cuidado
1674,di,8,dissídio
1675,mi,13,microrregiões
1676,id,6,ideias
1677,di,14,direcionadores
1678,co,8,conjoint
1679,mo,6,motivo
1680,es,12,estratégicas
1681,ad,14,adaptabilidade
1682,ap,12,apresentação
1683,in,11,incubadoras
1684,in,12,interrupções
1685,ge,6,gestor
1686,po,5,porta
1687,em,10,emergentes
1688,po,6,points
1689,in,6,início
1690,fo,4,four
1691,ré,6,rédeas
1692,vi,12,viabilizando
1693,se,7,semanal
1694,de,11,desenvolver
1695,co,13,contabilidade
1696,di,14,diagnosticando
1697,fa,6,faixas
1698,po,5,ponta
1699,pa,7,payback
1700,sa,6,saving
1701,mu,10,municípios
1702,of,7,ofertas
1703,co,15,comportamentais
1704,tr,6,trilha
1705,ít,5,ítens
1706,an,5,anual
1707,te,12,tecnológicos
1708,fu,15,funcionalidades
1709,té,7,técnico
1710,re,8,receitas
1711,am,7,amostra
1712,re,8,recentes
1713,va,8,variação
1714,ma,7,maneira
1715,tó,13,tópicos-chave
1716,ex,7,externo
1717,ín,7,índices
1718,ca,15,calls-to-action
1719,co,7,correta
1720,me,9,mensagens
1721,gi,4,giro
1722,in,8,intenção
1723,en,9,eneagrama
1724,ba,6,bacana
1725,di,10,disponível
1726,in,11,influenciar
1727,ra,8,ranquear
1728,ab,8,absoluta
1729,tr,16,transformacional
1730,up,10,up-selling
1731,fe,5,fence
1732,au,11,aumentarmos
1733,eb,6,ebtida
1734,po,5,pouco
1735,no,6,normas
1736,al,9,alinhando
1737,tr,8,trazê-lo
1738,co,7,consome
1739,pr,10,precificar
1740,pr,8,protesto
1741,ge,7,gerando
1742,em,7,empatia
1743,fe,5,feita
1744,2.,3,2.0
1745,al,4,alto
1746,na,10,narrativas
1747,an,8,analisar
1748,ou,8,outcomes
1749,ár,5,áreas
1750,pr,8,problema
1751,fa,5,favor
1752,ci,7,ciência
1753,ri,5,risco
1754,ge,9,gerenciar
1755,co,10,comunidade
1756,ap,13,aprimoramento
1757,de,9,definidos
1758,es,9,essencial
1759,tr,13,transmiti-las
1760,ev,8,evolução
1761,de,10,designadas
1762,ga,4,game
1763,de,9,decisório
1764,of,6,oferta
1765,pr,9,professor
1766,di,4,dias
1767,sl,6,slides
1768,de,10,detalhando
1769,si,11,situacional
1770,al,7,alcance
1771,to,5,todas
1772,pr,13,probabilidade
1773,qu,6,quanto
1774,co,6,compõe
1775,ac,10,acessórias
1776,ma,3,map
1777,po,11,postergação
1778,mu,8,mudanças
1779,re,10,relacionam
1780,e-,10,e-commerce
1781,gr,8,gráficos
1782,eq,6,equity
1783,po,9,position®
1784,cr,3,cro
1785,wa,9,waterfall
1786,pr,11,programação
1787,me,7,medi-lo
1788,at,12,atualizações
1789,lu,6,lucrar
1790,ra,5,rapid
1791,su,7,sucesso
1792,tr,6,traçar
1793,ne,10,negociação
1794,at,12,atratividade
1795,de,9,determina
1796,ne,10,necessária
1797,pr,12,prototipação
1798,et,3,etl
1799,at,7,atingir
1800,in,10,incentivar
1801,ra,4,rate
1802,sy,6,system
1803,do,7,domínio
1804,se,9,segmentos
1805,po,6,porque
1806,re,8,realista
1807,ca,14,característica
1808,as,5,assim
1809,es,8,estresse
1810,de,10,desempenho
1811,po,12,postponement
1812,pa,6,padrão
1813,in,11,inferencial
1814,an,9,ancoragem
1815,im,6,imagem
1816,ap,10,aplicá-las
1817,me,8,melhores
1818,qu,7,quantos
1819,es,9,esperados
1820,me,5,metas
1821,ma,15,macroambientais
1822,cl,12,clickfunnels
1823,pr,12,precificação
1824,mo,7,motivos
1825,gr,6,grupos
1826,te,10,tentativas
1827,pa,6,passos
1828,re,9,realidade
1829,de,9,descobrir
1830,zo,4,zona
1831,fo,10,formatação
1832,su,10,suavização
1833,gr,14,granularidades
1834,tr,7,triagem
1835,mi,4,mini
1836,id,13,identificação
1837,mo,5,moral
1838,al,4,algo
1839,di,8,diversas
1840,vs,3,vs.
1841,pu,5,pulso
1842,es,10,estratégia
1843,un,4,unem
1844,co,8,completo
1845,co,5,coach
1846,po,9,pontuação
1847,co,8,conforme
1848,nú,6,número
1849,ok,3,okr
1850,ip,3,ipi
1851,se,6,servem
1852,nu,5,nuvem
1853,co,8,consegue
1854,re,10,relatórios
1855,de,8,desconto
1856,se,8,sepapiag
1857,vb,3,vbr
1858,ta,4,taxa
1859,ju,9,judiciais
1860,st,3,stj
1861,no,7,noturno
1862,ag,9,agradável
1863,se,7,service
1864,gl,7,globais
1865,ex,9,existente
1866,pa,8,passados
1867,su,6,supply
1868,id,13,identificadas
1869,de,9,descrição
1870,jo,5,jogos
1871,ad,9,aderentes
1872,de,10,descoberta
1873,af,6,afinal
1874,qu,12,questionário
1875,7s,2,7s
1876,ca,5,cargo
1877,di,8,diagnose
1878,mt,3,mts
1879,rp,3,rpa
1880,pe,9,pesquisas
1881,ab,9,abandonar
1882,lo,5,logit
1883,id,11,identificar
1884,se,12,selecionando
1885,tr,11,tributárias
1886,re,9,reduzi-lo
1887,si,8,simulado
1888,ex,9,extraindo
1889,pr,12,presentation
1890,in,13,investimentos
1891,pr,3,pré
1892,du,5,dupla
1893,ex,10,existentes
1894,co,8,correção
1895,lo,4,lote
1896,ad,10,adicionais
1897,au,13,automatização
1898,co,11,convencendo
1899,av,9,avançadas
1900,po,12,pontos-chave
1901,ef,10,eficiência
1902,es,11,estruturada
1903,co,12,consultorias
1904,co,11,corporativa
1905,ma,7,mapping
1906,pe,6,perene
1907,pl,10,plataforma
1908,co,13,controvérsias
1909,ar,10,armadilhas
1910,cr,8,cruciais
1911,di,10,diretrizes
1912,mé,7,méritos
1913,co,9,conjuntos
1914,im,10,imperfeita
1915,ev,9,evidencia
1916,va,5,valey
1917,co,14,constantemente
1918,ap,9,aplicação
1919,pr,9,primeiras
1920,im,8,impactar
1921,pr,12,profissional
1922,ut,8,utilizou
1923,so,6,source
1924,es,6,estilo
1925,de,11,dependentes
1926,sp,6,spruce
1927,do,4,dois
1928,ca,11,catalisador
1929,ef,9,efetuados
1930,a3,2,a3
1931,mi,5,misto
1932,ba,7,balanço
1933,cl,7,cluster
1934,an,3,and
1935,re,7,reunião
1936,tr,13,transformador
1937,fa,10,fabricação
1938,co,10,contemplem
1939,or,2,or
1940,ra,4,raro
1941,ta,7,tarefas
1942,ne,8,negociar
1943,cg,3,cgu
1944,es,10,especifica
1945,tc,3,tco
1946,po,10,powerpoint
1947,co,12,consumidores
1948,jo,5,jorge
1949,en,11,entrevistas
1950,qu,9,qualidade
1951,co,8,coaching
1952,pl,9,planejado
1953,pr,6,primas
1954,bc,3,bcg
1955,de,8,destaque
1956,la,4,lane
1957,mo,13,movimentações
1958,av,8,avançado
1959,pr,9,primários
1960,id,10,identifica
1961,de,12,determinando
1962,ór,6,órgãos
1963,ba,5,banco
1964,ar,8,arriscar
1965,di,11,dimensionar
1966,de,7,defesas
1967,we,10,westendorp
1968,sa,5,saber
1969,ap,6,apenas
1970,ne,11,necessárias
1971,or,12,orçamentário
1972,ca,5,campo
1973,bu,6,buying
1974,tr,8,traction
1975,ap,10,aplicações
1976,or,9,organizar
1977,se,4,seis
1978,so,3,sob
1979,pr,12,professional
1980,co,12,competitivas
1981,po,9,políticas
1982,ha,11,habilidades
1983,vo,5,voice
1984,pr,11,priorizãção
1985,ch,5,chata
1986,at,7,através
1987,fí,6,físico
1988,qu,13,quantitativas
1989,re,9,relevante
1990,fu,13,funcionamento
1991,us,6,usados
1992,se,8,seletivo
1993,ga,5,gantt
1994,me,10,mecanismos
1995,ca,5,casos
1996,re,9,refinando
1997,ne,5,nesta
1998,hi,12,hierarquical
1999,re,8,reafirma
2000,ca,3,cac
2001,em,7,embasar
2002,ca,8,calendar
2003,to,2,to
2004,mi,12,microtarefas
2005,ce,5,certo
2006,im,11,importância
2007,ab,9,abordados
2008,po,14,possibilidades
2009,fr,10,frameworks
2010,mo,8,modernas
2011,ac,8,acelerar
2012,as,8,ascensão
2013,at,6,atraso
2014,te,3,ter
2015,ra,4,raiz
2016,ag,5,agora
2017,tr,9,tributada
2018,pu,12,publicidades
2019,in,10,informação
2020,id,11,idealização
2021,ma,13,manufacturing
2022,co,9,comunicar
2023,mi,4,milk
2024,di,9,dispersão
2025,te,11,tecnológico
2026,po,13,potencializar
2027,nã,14,não-cumulativo
2028,al,5,alexa
2029,fu,8,funciona
2030,ve,8,vermelho
2031,se,8,setorial
2032,re,13,representante
2033,ro,7,roteiro
2034,pr,9,projeções
2035,si,10,silenciosa
2036,lc,3,lci
2037,es,7,esocial
2038,au,9,autônomos
2039,pl,9,planilhas
2040,fa,9,facilitam
2041,en,10,enfrentará
2042,di,11,diagnóstico
2043,st,9,strategic
2044,at,11,atualização
2045,pr,8,predizer
2046,lu,5,lugar
2047,bá,7,básicos
2048,pi,7,picking
2049,de,10,dependente
2050,fo,6,focado
2051,au,9,audiência
2052,ba,8,balanços
2053,de,14,desvalorização
2054,ca,7,calling
2055,si,9,sindicato
2056,ma,6,mapear
2057,de,9,desejados
2058,re,11,rendimentos
2059,at,8,ativação
2060,me,8,mensagem
2061,op,12,oportunidade
2062,es,12,estruturando
2063,in,12,investigando
2064,pe,14,personalidades
2065,ju,12,just-in-time
2066,li,9,liderando
2067,br,6,brasil
2068,ha,8,harmonia
2069,co,9,colaborar
2070,ex,16,ex-colaboradores
2071,re,6,região
2072,re,8,refeitas
2073,na,8,naturais
2074,at,4,atua
2075,de,9,descontos
2076,es,13,especialistas
2077,re,10,realização
2078,va,8,vantagem
2079,ca,13,categorizando
2080,út,4,útil
2081,ob,7,objetos
2082,no,5,novos
2083,13,3,13º
2084,co,13,conscientizar
2085,ex,9,exclusiva
2086,fi,12,fiscalização
2087,qu,12,qualificação
2088,eq,10,equilíbrio
2089,pr,7,prático
2090,tr,13,transformadas
2091,as,8,aspectos
2092,si,6,sinais
2093,fo,7,formato
2094,ab,8,abacaxis
2095,pr,6,prever
2096,em,12,empreendedor
2097,pr,9,primeiros
2098,mi,13,microeconomia
2099,mo,6,montar
2100,im,7,imposto
2101,re,8,refletir
2102,lo,6,locais
2103,we,3,web
2104,tí,7,títulos
2105,se,8,serviços
2106,om,9,ombudsman
2107,ba,6,bastão
2108,pr,9,programas
2109,re,10,relutantes
2110,ps,12,psicológicos
2111,es,14,especializadas
2112,mu,18,multidisciplinares
2113,co,7,concede
2114,pv,3,pvv
2115,ro,4,rota
2116,el,10,eliminando
2117,po,8,podcasts
2118,fi,7,finance
2119,us,7,usá-las
2120,al,8,alicerce
2121,pd,3,pdi
2122,cl,8,clássico
2123,fs,3,fsn
2124,ap,8,aplicado
2125,op,7,opinião
2126,an,6,ansoff
2127,12,2,12
2128,rf,3,rfi
2129,ad,10,aduaneiros
2130,ju,8,jurídica
2131,tó,7,tópicos
2132,aç,4,ação
2133,cr,5,crazy
2134,im,7,imitado
2135,ab,11,abrangência
2136,de,5,desta
2137,me,11,mercadorias
2138,pr,9,priorizar
2139,lo,4,loco
2140,de,7,devedor
2141,to,5,to-be
2142,ve,10,verdadeiro
2143,pr,7,produto
2144,as,8,assemble
2145,di,13,distribuições
2146,de,10,delimitado
2147,de,6,delphi
2148,oc,7,ocasião
2149,ba,6,barato
2150,es,10,estimativa
2151,co,11,componentes
2152,te,10,termomêtro
2153,es,7,estoque
2154,e-,12,e-recruiting
2155,de,10,desenhando
2156,jo,3,job
2157,di,6,direto
2158,ne,16,neurolinguística
2159,do,9,documento
2160,nã,15,não-estruturado
2161,at,10,atualmente
2162,en,5,entes
2163,ar,12,argumentação
2164,mo,11,modalidades
2165,in,11,informações
2166,rq,3,rqf
2167,pa,9,parcerias
2168,co,10,consumidor
2169,de,9,desvendar
2170,di,12,disseminação
2171,ro,3,roi
2172,pe,6,perfil
2173,wi,8,win-loss
2174,ma,9,mailchimp
2175,pr,8,previsão
2176,go,2,go
2177,an,7,analise
2178,po,15,posicionamentos
2179,ni,7,ninguém
2180,fa,8,facebook
2181,af,6,afetam
2182,pe,7,pessoal
2183,de,9,definindo
2184,pe,8,perenize
2185,mr,3,mrr
2186,ex,10,explorando
2187,av,9,avaliação
2188,qu,7,questão
2189,tr,10,trajetória
2190,in,7,interno
2191,in,8,indevido
2192,tr,13,transformação
2193,di,9,dinâmicas
2194,ig,6,iguais
2195,re,8,response
2196,ga,9,garantias
2197,mo,8,montando
2198,fi,13,financiamento
2199,ok,2,ok
2200,st,8,startups
2201,de,12,desligamento
2202,eq,11,equivalente
2203,re,7,relação
2204,ti,4,time
2205,fo,8,forecast
2206,te,7,tesouro
2207,ac,5,acaso
2208,co,11,comunicados
2209,re,7,reserva
2210,ag,6,agenda
2211,cr,4,crie
2212,ní,6,níveis
2213,gr,8,gráficas
2214,du,7,durante
2215,re,11,repetitivas
2216,de,9,determine
2217,oc,7,ocorrem
2218,ad,9,advogados
2219,as,10,assertivas
2220,pr,8,proposta
2221,co,10,competição
2222,ca,5,carga
2223,qu,4,quês
2224,ob,5,obter
2225,im,8,impasses
2226,ou,3,out
2227,ma,9,maximizar
2228,su,7,sujeito
2229,pr,9,protocolo
2230,li,9,linguagem
2231,su,13,surpreendente
2232,mi,3,mix
2233,ma,7,magnets
2234,36,4,360°
2235,mp,3,mpp
2236,sa,6,saindo
2237,pr,7,prontos
2238,te,10,tendências
2239,st,12,stakeholders
2240,fo,6,fortes
2241,fu,12,funcionários
2242,co,13,consequências
2243,oc,8,ocorrerá
2244,bt,3,bto
2245,re,8,resolver
2246,cu,7,custará
2247,ex,8,executar
2248,co,6,contra
2249,va,9,vantagens
2250,co,8,comunica
2251,ag,14,agressivamente
2252,ma,7,marketo
2253,co,12,consolidando
2254,ca,7,calcule
2255,ra,13,racionalidade
2256,co,10,co-relação
2257,ra,6,ratear
2258,be,2,be
2259,ef,10,eficientes
2260,pr,10,promovendo
2261,co,9,coletivos
2262,pa,10,patrocínio
2263,re,12,redesenhando
2264,re,7,redução
2265,de,14,detalhadamente
2266,in,8,indireta
2267,cu,5,curso
2268,re,5,reter
2269,tr,10,transmitir
2270,ap,8,aplicada
2271,su,14,supervisionado
2272,en,12,encerramento
2273,pr,7,program
2274,ci,5,ciclo
2275,en,8,encargos
2276,cr,8,críticas
2277,ex,10,executando
2278,pr,11,propriedade
2279,co,12,competitivos
2280,si,9,simulação
2281,vi,5,visão
2282,ro,8,rotation
2283,re,9,reduzindo
2284,mc,8,mckinsey
2285,ec,8,economês
2286,pr,7,prepare
2287,tr,10,tratamento
2288,ab,9,abordagem
2289,ca,6,cabeça
2290,po,5,power
2291,re,8,referral
2292,im,12,imobilizados
2293,co,9,comprador
2294,es,14,essencialidade
2295,co,13,continuamente
2296,co,10,comparação
2297,cm,3,cmn
2298,in,8,insights
2299,to,3,top
2300,ap,15,aperfeiçoamento
2301,id,5,ideia
2302,ev,8,evitando
2303,co,12,conceituadas
2304,re,13,rentabilidade
2305,mi,7,mindset
2306,ne,10,negotiated
2307,di,12,dificuldades
2308,qu,7,quantas
2309,em,8,employee
2310,20,5,20000
2311,bo,9,bottom-up
2312,fí,6,física
2313,es,12,estruturados
2314,ch,5,chave
2315,co,12,complexidade
2316,co,8,conselho
2317,pr,10,provocadas
2318,no,4,nova
2319,of,7,oficial
2320,di,13,diagnosticada
2321,re,8,rejeição
2322,ân,6,ângulo
2323,mo,11,monitorando
2324,an,8,analysis
2325,de,11,descrevendo
2326,de,13,desmistificar
2327,ec,10,econômicos
2328,fr,9,framework
2329,vu,15,vulnerabilidade
2330,es,11,estipulando
2331,en,6,enxuto
2332,im,7,impacto
2333,pr,7,provado
2334,va,9,validação
2335,al,11,alternative
2336,na,8,nacional
2337,te,11,tecnologias
2338,ge,6,gerado
2339,re,6,return
2340,ac,7,acordos
2341,co,14,confiabilidade
2342,se,8,segmento
2343,me,6,melhor
2344,be,12,benchmarking
2345,up,2,up
2346,an,13,anticorrupção
2347,li,8,lifetime
2348,ob,9,obrigadas
2349,po,15,posicionando-se
2350,al,4,alta
2351,se,11,secundários
2352,es,10,essenciais
2353,tr,11,tributações
2354,ve,3,ved
2355,me,8,melhoria
2356,se,6,seguir
2357,pr,11,priorizados
2358,de,11,determinado
2359,pe,8,personas
2360,ul,12,ultrapassado
2361,re,7,regular
2362,ca,9,campanhas
2363,po,12,posicionaria
2364,oc,3,ocr
2365,at,7,atuando
2366,ma,11,matemáticos
2367,pa,6,pactua
2368,se,5,serve
2369,re,9,realizada
2370,ir,10,irracional
2371,re,6,reação
2372,si,10,simulações
2373,ac,9,aceitável
2374,ps,3,psm
2375,di,11,direcionada
2376,ve,11,verificação
2377,de,12,deficiências
2378,pr,5,prezi
2379,br,9,breakeven
2380,es,12,estatísticos
2381,sc,7,scoring
2382,se,7,setores
2383,em,7,emprego
2384,gr,5,grupo
2385,fó,8,fórmulas
2386,pa,8,parceira
2387,ex,6,extras
2388,bo,5,board
2389,co,12,conceituados
2390,pr,11,priorização
2391,ma,10,manufatura
2392,pr,7,project
2393,ta,5,table
2394,wi,3,win
2395,es,6,escopo
2396,lo,4,load
2397,mi,5,mista
2398,mí,7,mínimos
2399,mo,9,modelagem
2400,in,7,incidem
2401,te,5,tempo
2402,ac,14,activecampaign
2403,si,8,situação
2404,ex,7,extrair
2405,in,14,internacionais
2406,pa,9,paralelas
2407,re,9,remunerar
2408,re,7,reduzir
2409,vi,6,visual
2410,cl,5,claro
2411,co,12,complicações
2412,hu,6,hunter
2413,re,5,reúna
2414,di,14,dissemininação
2415,ma,7,matando
2416,at,8,atrações
2417,pr,13,profissionais
2418,di,8,diminuir
2419,fá,6,fáceis
2420,te,5,teste
2421,cl,13,classificando
2422,pr,9,pre-money
2423,an,10,andragogia
2424,ad,3,ads
2425,pe,11,perspectiva
2426,di,9,dinamismo
2427,tr,5,trade
2428,mo,12,movimentação
2429,ot,10,otimizando
2430,de,11,desdobrando
2431,me,5,mercê
2432,co,7,coração
2433,je,5,jeito
2434,to,4,todo
2435,lc,3,lca
2436,im,7,imersão
2437,lo,9,logística
2438,ef,8,efetivas
2439,re,11,recompensas
2440,se,8,segredos
2441,ca,5,carta
2442,le,7,leilões
2443,pe,11,penalidades
2444,fu,7,futuros
2445,as,9,assegurem
2446,sp,6,sprint
2447,po,8,posições
2448,at,3,ato
2449,in,18,interdepartamental
2450,ot,8,otimizam
2451,ap,9,aplicável
2452,as,13,assertividade
2453,pr,13,processamento
2454,ac,10,aceleração
2455,co,9,complicar
2456,in,11,integridade
2457,ce,12,centralizado
2458,ut,11,utilizarmos
2459,pr,6,preços
2460,di,7,divisão
2461,bo,4,boas
2462,eq,14,equacionamento
2463,in,14,infraestrutura
2464,am,9,ampliando
2465,ti,11,timelinedas
2466,im,13,impulsionando
2467,ad,10,adquiridos
2468,ap,4,apps
2469,fo,8,formatar
2470,ve,5,verba
2471,me,5,meios
2472,me,7,medidas
2473,pr,8,projetos
2474,co,14,comportamentos
2475,ut,10,utilizando
2476,id,6,ideais
2477,si,13,significativo
2478,câ,6,câmbio
2479,mú,8,múltiplo
2480,mé,5,média
2481,ra,9,racionais
2482,pe,5,pedir
2483,di,14,diferencia-los
2484,si,10,significam
2485,fl,4,flow
2486,de,10,definições
2487,ca,6,canvas
2488,or,9,orientada
2489,el,8,elevando
2490,zo,4,zopa
2491,co,11,compreensão
2492,hu,10,humanguide
2493,in,11,incremental
2494,ca,11,calcula-los
2495,cl,8,clipping
2496,qu,6,quarta
2497,el,9,elementos
2498,go,6,golden
2499,de,7,desafio
2500,ma,10,mapeamento
2501,es,10,estabelece
2502,es,7,esforço
2503,rh,2,rh
2504,en,7,enxerga
2505,ga,6,gastar
2506,an,8,analogia
2507,in,8,inovação
2508,pr,5,preço
2509,an,10,analisando
2510,az,4,azul
2511,el,8,eletivos
2512,ap,9,aplicá-lo
2513,ex,11,exponencial
2514,pe,8,pesquisa
2515,ne,7,network
2516,ex,10,experience
2517,si,7,simples
2518,en,11,engineering
2519,el,9,elaborado
2520,ki,3,kit
2521,pa,4,page
2522,la,8,language
2523,ma,6,master
2524,mo,7,momento
2525,te,6,testes
2526,at,11,atendimento
2527,pr,9,propostas
2528,pr,8,produção
2529,re,5,redes
2530,ga,8,gargalos
2531,ag,7,agendar
2532,np,3,nps
2533,pe,7,pessoas
2534,le,5,leads
2535,in,11,incidências
2536,do,10,downsizing
2537,pr,8,promover
2538,tr,11,treinamento
2539,pr,9,propósito
2540,ut,7,utilize
2541,co,9,comercial
2542,qu,5,queda
2543,ar,11,armazenagem
2544,es,11,estratégica
2545,pc,3,pci
2546,dé,6,débito
2547,ap,6,apoiar
2548,pr,10,projetando
2549,qu,13,questionários
2550,fa,9,facilitar
2551,in,11,inteligente
2552,co,12,colaborativo
2553,un,7,unidade
2554,se,9,setoriais
2555,re,10,relacionar
2556,fr,10,frequentes
2557,fi,7,fiscais
2558,co,10,congressos
2559,ac,9,acumulado
2560,ca,10,calibragem
2561,di,8,disputar
2562,pa,13,passo-a-passo
2563,bo,3,box
2564,ra,8,raridade
2565,ap,4,apto
2566,co,12,concorrência
2567,pa,5,pages
2568,lo,10,logísticos
2569,in,10,introduzir
2570,aw,9,awereness
2571,ex,8,execução
2572,po,9,portfólio
2573,co,12,comunicações
2574,te,5,temer
2575,mq,3,mql
2576,an,10,analíticos
2577,ha,6,hadoop
2578,se,11,sequenciais
2579,cr,10,cronograma
2580,fa,5,faixa
2581,sd,3,sdr
2582,on,6,online
2583,di,7,digital
2584,pa,10,patrimônio
2585,fu,9,funcionar
2586,co,10,complicado
2587,se,11,segmentação
2588,im,11,importantes
2589,?i,12,?indicadores
2590,al,6,alguns
2591,ge,9,geografia
2592,rf,4,rfid
2593,an,6,antiga
2594,co,9,convertem
2595,pe,8,períodos
2596,aw,6,aweber
2597,in,9,integrado
2598,ma,8,mapeando
2599,tr,9,transitar
2600,dí,7,dívidas
2601,in,10,interesses
2602,de,7,definir
2603,re,16,responsabilidade
2604,al,8,alcançar
2605,se,6,search
2606,la,9,labirinto
2607,pú,7,público
2608,us,6,usadas
2609,po,9,position©
2610,pr,9,princípio
2611,re,10,requisitos
2612,ca,8,carreira
2613,am,10,amostragem
2614,sa,10,samaritano
2615,se,7,seleção
2616,la,5,laços
2617,ca,8,captadas
2618,tr,11,trabalhadas
2619,ex,11,expatriação
2620,me,7,melhora
2621,an,9,analítica
2622,in,12,intensificar
2623,te,4,tese
2624,ca,11,capacitando
2625,ap,10,aprendidas
2626,di,12,direcionadas
2627,im,8,importam
2628,nº,2,nº
2629,it,4,item
2630,ob,8,obtenção
2631,aj,7,ajustes
2632,qu,6,quitar
2633,sa,5,sales
2634,10,2,10
2635,fu,11,futuramente
2636,mc,10,mcclelland
2637,mo,13,monitoramento
2638,in,12,interpessoal
2639,ma,4,make
2640,re,9,respostas
2641,ne,3,net
2642,ac,6,acesso
2643,pr,6,provar
2644,ed,9,editorial
2645,es,10,escritório
2646,in,12,investimento
2647,ch,5,churn
2648,po,7,posição
2649,as,8,assembly
2650,mú,8,múltipla
2651,ac,6,acesse
2652,mo,9,monopólio
2653,tr,10,trimestral
2654,de,11,decorrentes
2655,re,13,ressuprimento
2656,me,8,medi-los
2657,au,8,aumentou
2658,ag,7,agência
2659,ca,4,cada
2660,ma,8,matérias
2661,br,11,brainstorms
2662,im,10,implicação
2663,as,4,asic
2664,da,10,dashboards
2665,de,13,demonstrações
2666,me,14,mercadológicas
2667,co,9,converter
2668,pr,12,prioritários
2669,li,6,limite
2670,im,10,implemente
2671,co,9,compostos
2672,in,5,index
2673,an,8,anúncios
2674,ma,6,market
2675,ca,6,cargas
2676,me,6,medida
2677,vi,10,vinculando
2678,tr,10,tributário
2679,fo,18,fornecedores-chave
2680,po,5,ponto
2681,kp,4,kpis
2682,eq,12,equivalentes
2683,ma,5,massa
2684,di,10,dificultam
2685,re,14,reestruturação
2686,au,11,automatizar
2687,or,8,orientar
2688,ro,7,rolling
2689,si,9,significa
2690,pr,7,promove
2691,in,9,incentiva
2692,fo,5,focar
2693,ad,7,adotado
2694,fo,5,focus
2695,es,11,estratégico
2696,mu,6,muitos
2697,id,11,identifique
2698,di,9,discovery
2699,pr,9,previsões
2700,da,3,day
2701,pi,7,pivotar
2702,ba,8,baseline
2703,an,11,antecipando
2704,in,10,industrial
2705,ru,3,run
2706,ic,4,icms
2707,ou,8,outbound
2708,fo,11,forecasting
2709,pr,10,prospectar
2710,de,10,descontado
2711,de,8,deadline
2712,in,7,interna
2713,pr,7,prática
2714,ev,4,even
2715,ob,7,obtenha
2716,em,16,emicroambientais
2717,li,6,linear
2718,ni,7,ninebox
2719,me,4,mesa
2720,fo,6,forças
2721,ca,10,calculados
2722,sc,4,scor
2723,co,9,coordenam
2724,di,11,dissertação
2725,me,9,mentoring
2726,vi,10,visualizar
2727,vi,5,vilão
2728,or,14,organizacional
2729,ve,8,vertical
2730,es,11,estimativas
2731,im,11,implementar
2732,pt,3,ptm
2733,ap,12,apresentador
2734,ex,9,exercício
2735,re,10,relevantes
2736,pi,3,pis
2737,vi,10,visionário
2738,di,5,dicas
2739,25,4,2554
2740,op,8,opcional
2741,co,11,contratação
2742,de,8,desafios
2743,ab,8,absorção
2744,re,7,revisão
2745,co,16,compartilhamento
2746,vi,13,visualizações
2747,le,9,leadpages
2748,su,9,suspensão
2749,gr,5,group
2750,au,13,autoavaliação
2751,sl,12,slide-mestre
2752,se,9,segurança
2753,má,6,máximo
2754,ob,10,observável
2755,ti,5,tipos
2756,qu,9,qualified
2757,gr,7,grandes
2758,di,10,disciplina
2759,ca,9,calculado
2760,co,9,cobertura
2761,co,8,conjunto
2762,ví,6,vídeos
2763,si,9,simulando
2764,se,10,sequencial
2765,ín,6,índice
2766,ac,6,acerca
2767,es,9,estaduais
2768,as,10,assertivos
2769,tá,7,táticas
2770,di,12,digitalmente
2771,ac,6,action
2772,cu,11,customizado
2773,qu,6,querys
2774,ge,11,gerenciando
2775,ju,8,julgados
2776,es,12,estratégicos
2777,va,7,variará
2778,sa,3,sac
2779,is,7,isenção
2780,sm,5,smart
2781,di,4,disc
2782,ta,7,tarifas
2783,ce,7,cenário
2784,in,9,indivíduo
2785,se,9,segmentar
2786,co,15,conscientização
2787,in,9,incluindo
2788,mm,3,mmb
2789,re,11,requisições
2790,tá,7,táticos
2791,sp,3,spm
2792,me,10,mensurável
2793,le,10,legislação
2794,pu,10,publicados
2795,pa,6,papéis
2796,ce,7,certeza
2797,ab,2,ab
2798,al,11,alimentação
2799,su,9,sucedidas
2800,di,8,dinheiro
2801,in,9,inovadora
2802,in,8,inerente
2803,in,8,integrar
2804,va,8,vaquinha
2805,ca,8,caminhos
2806,ne,10,necessário
2807,at,5,ativo
2808,me,8,medicina
2809,au,16,autoconhecimento
2810,ve,8,vetorial
2811,de,6,defina
2812,im,8,imediata
2813,de,10,detectivos
2814,ar,10,artificial
2815,de,9,definição
2816,fo,10,formulando
2817,im,14,imprescindível
2818,di,11,diversidade
2819,pr,9,problemas
2820,lu,13,lucratividade
2821,vi,9,viabiliza
2822,su,8,superior
2823,po,14,posicionamento
2824,pi,4,pior
2825,fó,6,fóruns
2826,in,12,incorporando
2827,ma,9,mapea-los
2828,cu,9,cumpridas
2829,fa,11,facilitando
2830,cr,5,cross
2831,pr,9,produtivo
2832,in,9,interesse
2833,bi,2,bi
2834,co,9,conflitos
2835,co,10,concessões
2836,ca,8,captação
2837,in,12,inexplorados
2838,vo,4,vote
2839,li,8,linkedin
2840,ce,7,central
2841,ac,14,accountability
2842,cr,8,créditos
2843,fr,6,fracos
2844,pr,8,preparar
2845,ri,6,riscos
2846,cr,9,critérios
2847,im,15,imprescindíveis
2848,tr,6,trazer
2849,aj,9,ajustá-la
2850,ab,10,abordagens
2851,se,3,seo
2852,ma,5,marca
2853,de,6,dessas
2854,cr,8,críticos
2855,mi,8,migração
2856,kr,7,kraljic
2857,mu,7,mudança
2858,ap,9,aplicados
2859,fi,7,figuras
2860,co,9,complexas
2861,ca,6,causas
2862,pr,11,preocupados
2863,ex,10,exatamente
2864,co,12,complementam
2865,fe,9,feedbacks
2866,ch,7,checkup
2867,ma,6,margem
2868,po,6,porquê
2869,an,9,andamento
2870,da,9,dashboard
2871,re,9,renovação
2872,pr,9,prevenção
2873,in,14,intermediários
2874,co,12,conceituando
2875,bl,10,blockchain
2876,pr,8,próprios
2877,ag,6,agente
2878,al,4,além
2879,te,9,templates
2880,aa,5,aarrr
2881,fa,9,facilitem
2882,di,10,diferentes
2883,pa,9,parceiros
2884,ap,15,apropriadamente
2885,ad,8,advindos
2886,ne,10,negociador
2887,pr,9,preditiva
2888,re,13,retrospectiva
2889,pe,6,pedido
2890,be,4,best
2891,re,5,reais
2892,te,8,testá-lo
2893,má,7,máximos
2894,co,9,coletores
2895,co,9,conceitos
2896,te,6,textos
2897,fi,5,final
2898,su,5,super
2899,dr,8,drawback
2900,an,8,análises
2901,pr,10,pré-evento
2902,fr,9,fraquezas
2903,cl,5,cloud
2904,fa,4,fase
2905,ge,5,gerar
2906,tr,10,tributação
2907,so,12,sobrevivendo
2908,li,5,lidar
2909,fe,11,ferramentas
2910,pe,6,perfis
2911,fl,8,flexível
2912,pi,8,pipeline
2913,re,8,relações
2914,pr,8,proceder
2915,fo,6,formas
2916,cl,13,clusterização
2917,mo,6,modelo
2918,pe,4,peso
2919,mu,6,muitas
2920,er,5,erros
2921,co,10,corretivas
2922,tr,4,trás
2923,ex,7,explica
2924,ap,9,aplicá-la
2925,ev,7,eventos
2926,fi,10,financeira
2927,st,12,storytelling
2928,el,7,elimina
2929,ob,10,obstáculos
2930,pe,5,perda
2931,to,8,torná-la
2932,fo,10,fornecedor
2933,so,10,sociograma
2934,in,16,industrialização
2935,sc,5,score
2936,ma,13,macroeconomia
2937,ob,12,objetividade
2938,le,5,level
2939,ca,5,carlo
2940,sc,3,sci
2941,de,8,demandas
2942,of,7,oferece
2943,re,12,revolucionar
2944,fá,5,fácil
2945,du,4,duas
2946,co,8,conteúdo
2947,lo,5,longo
2948,sp,4,sped
2949,10,3,100
2950,ac,9,acompanhe
2951,am,14,amadurecimento
2952,in,12,inteligentes
2953,fo,6,focada
2954,si,11,simbióticos
2955,su,6,sustos
2956,id,12,identifiquei
2957,an,9,analitycs
2958,so,7,sozinho
2959,co,6,compor
2960,di,14,direcionamento
2961,fi,8,fiadores
2962,ch,5,chefe
2963,vo,7,votação
2964,no,11,norteadores
2965,co,12,corretamente
2966,ac,10,acreditado
2967,co,7,correto
2968,mu,16,muldisciplinares
2969,cl,14,classificações
2970,co,10,corporação
2971,ba,7,baseado
2972,lu,3,luz
2973,di,5,difal
2974,or,5,order
2975,vr,4,vrio
2976,1-,5,1-2-3
2977,su,9,surpresas
2978,mo,10,monografia
2979,pr,10,principais
2980,de,10,desenvolva
2981,or,11,organograma
2982,31,4,3100
2983,ad,6,adoção
2984,4.,3,4.0
2985,pr,10,provedores
2986,cr,6,credit
2987,on,7,on-line
2988,re,8,regional
2989,lí,7,líderes
2990,op,8,operação
2991,tr,10,transforme
2992,co,7,consumo
2993,de,12,desconhecido
2994,ne,11,negociáveis
2995,su,11,suprimentos
2996,ap,14,aplicabilidade
2997,pr,8,priorize
2998,in,7,inserir
2999,es,11,estratégias
3000,de,12,deliberativo
3001,ga,13,gabor-granger
3002,di,14,diversificação
3003,re,11,regulamento
3004,op,5,opção
3005,co,9,conteúdos
3006,pe,10,pesquisado
3007,pr,12,prototipagem
3008,ac,12,acompanharia
3009,re,16,resultados-chave
3010,pi,6,piloto
3011,hi,10,hierarquia
3012,ob,4,obra
3013,in,11,iniciativas
3014,re,5,regra
3015,es,13,estabelecendo
3016,tr,9,tribunais
3017,ju,5,juros
3018,re,11,remuneração
3019,pa,8,parceria
3020,sl,5,slide
3021,ci,5,cinco
3022,on,4,onde
3023,gr,7,gráfica
3024,ge,8,genético
3025,av,10,avaliações
3026,in,8,interage
3027,cs,4,csll
3028,po,5,ponte
3029,sa,8,salarial
3030,am,9,ambiental
3031,es,11,estabelecer
3032,su,12,sustentáveis
3033,ca,8,catálogo
3034,ho,5,horas
3035,st,7,stories
3036,ce,8,cenários
3037,te,5,temas
3038,as,11,assimilação
3039,bo,11,bonificação
3040,in,10,interfaces
3041,en,11,enfrentados
3042,st,5,stock
3043,tr,4,três
3044,dr,3,dre
3045,rá,6,rápida
3046,op,8,opiniões
3047,te,8,template
3048,ra,11,rapidamente
3049,br,5,brand
3050,co,7,compete
3051,pe,8,perfeito
3052,ex,8,externos
3053,ju,8,jurídico
3054,pa,8,partidas
3055,em,16,empreendedorismo
3056,in,6,inovar
3057,ma,6,manter
3058,in,6,inicie
3059,fi,6,fiscal
3060,sp,7,sprints
3061,pa,9,pagamento
3062,ac,8,achismos
3063,fi,8,finalize
3064,cu,5,custo
3065,fo,8,fomentar
3066,co,9,cobranças
3067,ba,6,barras
3068,de,8,definida
3069,gr,4,grau
3070,le,10,levantadas
3071,pr,10,prospecção
3072,me,7,meeting
3073,re,9,relutante
3074,el,12,elasticidade
3075,in,8,inchadas
3076,an,8,anunciar
3077,in,9,invisível
3078,fo,12,fortalecendo
3079,mo,13,motivacionais
3080,st,7,startup
3081,ag,9,agreement
3082,re,6,review
3083,li,7,lidando
3084,in,11,interpretar
3085,mê,3,mês
3086,de,5,dessa
3087,ma,10,management
3088,ef,11,efetividade
3089,re,10,recíprocos
3090,fo,10,fomentados
3091,ge,5,gemba
3092,in,12,intelligence
3093,he,9,headcount
3094,pr,13,procedimentos
3095,ob,10,obrigações
3096,di,11,dificuldade
3097,pe,9,percepção
3098,re,13,representação
3099,ge,10,gerenciado
3100,in,18,interdisciplinares
3101,pa,9,paradigma
3102,cp,3,cpc
3103,co,8,contagem
3104,di,5,disso
3105,de,12,departamento
3106,mo,8,motrizes
3107,at,7,atenção
3108,in,13,independência
3109,pe,10,periódicos
3110,in,11,individuais
3111,tr,7,tributo
3112,re,7,regimes
3113,ca,9,cadastral
3114,de,8,decisões
3115,al,10,alcançadas
3116,st,6,status
3117,va,5,value
3118,cr,13,credibilidade
3119,re,9,reajustes
3120,fl,14,flexibilização
3121,co,8,contexto
3122,fa,6,farmer
3123,se,11,semelhanças
3124,ta,7,tableau
3125,nu,5,nunca
3126,re,11,responsável
3127,ma,6,mapeie
3128,an,10,analíticas
3129,ra,6,razões
3130,at,5,atuam
3131,di,7,direção
3132,bo,12,bootstraping
3133,en,10,enriquecer
3134,li,5,light
3135,is,8,ishikawa
3136,di,8,dinâmica
3137,le,5,leque
3138,th,3,the
3139,po,13,possibilidade
3140,nã,16,não-estruturados
3141,di,9,distintos
3142,es,10,específico
3143,tr,11,tributários
3144,fu,11,funcionário
3145,al,9,algoritmo
3146,in,10,interativa
3147,cu,11,cumprimento
3148,di,12,diágnósticas
3149,ún,5,único
3150,qu,11,qualificada
3151,ii,3,iii
3152,ap,9,aplicando
3153,bu,5,buyer
3154,co,9,conversão
3155,tr,5,trend
3156,fi,6,finais
3157,be,6,bebida
3158,pe,10,periódicas
3159,zo,4,zone
3160,ce,13,certificar-se
3161,lu,5,lucro
3162,so,12,solucionados
3163,se,14,sensibilização
3164,fe,6,feitas
3165,co,13,convencionais
3166,pi,5,pitch
3167,in,8,iniciais
3168,se,3,ser
3169,st,11,stakeholder
3170,pe,9,periódica
3171,fu,9,funcionam
3172,ág,5,ágeis
3173,co,12,concorrentes
3174,re,13,recomendações
3175,si,5,sinal
3176,vi,5,vista
3177,ta,7,tamanha
3178,at,6,ativar
3179,re,10,registrada
3180,su,12,sub-famílias
3181,in,9,interação
3182,fo,5,folha
3183,ti,2,ti
3184,ic,3,ice
3185,mo,3,moz
3186,pe,9,persistir
3187,pl,8,planning
3188,ca,5,canal
3189,in,13,instrucionais
3190,ot,10,otimização
3191,ma,10,matemática
3192,ac,12,aceleradoras
3193,tá,6,tática
3194,cr,8,criativo
3195,as,10,assessment
3196,sa,10,satisfação
3197,co,9,confiável
3198,co,10,consultiva
3199,ge,5,geram
3200,mo,6,modais
3201,fr,4,free
3202,re,14,reconhecimento
3203,im,10,impossível
3204,ex,8,exemplos
3205,al,4,alvo
3206,pr,8,precisão
3207,ge,6,gerais
3208,ho,6,honrar
3209,de,8,deduções
3210,re,14,responsividade
3211,en,10,engenharia
3212,ra,7,rapport
3213,pe,11,permanência
3214,go,10,governança
3215,wo,8,workflow
3216,ga,5,gasta
3217,tr,12,treinamentos
3218,re,4,rede
3219,di,9,diferença
3220,au,13,automatizadas
3221,al,5,altos
3222,ec,9,ecommerce
3223,ac,7,acessos
3224,de,12,determinação
3225,pr,11,professores
3226,ba,8,backhaul
3227,di,9,distorcem
3228,ni,7,nibling
3229,ma,7,margens
3230,ob,8,objetivo
3231,es,10,estabeleça
3232,po,8,política
3233,im,13,implementadas
3234,et,3,etc
3235,de,7,demanda
3236,pl,8,planilha
3237,me,8,melhorar
3238,so,14,socioculturais
3239,co,10,condizente
3240,ut,10,utilizados
3241,co,4,cold
3242,si,8,sistemas
3243,pe,5,perto
3244,ma,8,maropost
3245,co,11,competitivo
3246,en,6,engine
3247,co,9,companhia
3248,ma,10,manutenção
3249,ve,10,vendedores
3250,ex,7,exceção
3251,pr,6,pronto
3252,fo,4,foco
3253,in,11,inesperados
3254,si,8,sintomas
3255,tr,11,transformar
3256,pa,5,pagos
3257,co,10,contribuir
3258,sw,4,swot
3259,re,8,reversos
3260,pe,6,pestal
3261,es,7,escalas
3262,co,8,competir
3263,su,12,substituição
3264,pl,11,plataformas
3265,ap,8,apuração
3266,co,9,contábeis
3267,ta,12,tangibilizar
3268,su,9,sustentar
3269,im,8,impactos
3270,pr,9,presunção
3271,te,6,tempos
3272,fu,6,função
3273,pl,6,planos
3274,in,11,inferências
3275,de,11,dependência
3276,op,12,optimization
3277,op,15,operacionalizar
3278,ní,5,nível
3279,in,8,internet
3280,pr,8,provamos
3281,de,7,decisor
3282,qu,10,quantidade
3283,ar,9,armadilha
3284,er,4,erro
3285,de,8,definido
3286,tr,6,tríade
3287,re,9,reconhece
3288,fi,5,ficha
3289,da,4,data
3290,tc,3,tcc
3291,di,10,diferenças
3292,kp,3,kpi
3293,ca,8,cartório
3294,co,13,controladoria
3295,co,9,construir
3296,bp,2,bp
3297,re,15,relacionamentos
3298,tr,9,tratá-los
3299,im,10,impactante
3300,ex,9,excessivo
3301,or,6,origem
3302,ri,7,riqueza
3303,ad,7,adwords
3304,co,6,comida
3305,pr,10,prospectos
3306,te,9,terceiros
3307,or,10,orientação
3308,ap,12,apresentadas
3309,re,13,retrospective
3310,in,10,integração
3311,in,8,indireto
3312,dr,6,driven
3313,ré,6,réguas
3314,le,6,lexsys
3315,di,6,dilema
3316,ho,4,hora
3317,ad,15,administradoras
3318,ex,12,exponenciais
3319,lo,9,logistics
3320,in,15,influenciadores
3321,me,10,mensuração
3322,re,9,reposição
3323,da,3,dar
3324,re,9,revogação
3325,eq,7,equipes
3326,pe,13,personalidade
3327,po,8,portaria
3328,ge,10,gerenciais
3329,es,7,estadia
3330,pl,7,planeje
3331,in,9,intensivo
3332,mv,3,mvp
3333,mu,18,multidisciplinates
3334,mi,4,mire
3335,en,13,endomarketing
3336,ev,5,evite
3337,ma,9,mapaeando
3338,ic,5,icofr
3339,de,6,defesa
3340,cá,8,cálculos
3341,ár,7,árvores
3342,de,8,demandem
3343,co,14,contabilização
3344,co,9,constante
3345,gr,7,gráfico
3346,mo,8,momentos
3347,fo,5,forma
3348,pr,8,produtos
3349,po,10,posicionar
3350,cl,11,classificar
3351,de,13,desdobramento
3352,in,9,indústria
3353,sq,6,squads
3354,re,9,regulares
3355,mí,6,mínimo
3356,de,10,desenhamos
3357,qu,15,questionamentos
3358,ch,8,chapters
3359,pr,5,pré-s
3360,ad,14,administrativo
3361,or,11,organização
3362,in,9,indicados
3363,cr,7,criando
3364,tr,8,traduzir
3365,so,6,social
3366,au,5,aulas
3367,de,9,devolução
3368,es,7,estados
3369,ne,7,negócio
3370,as,10,associados
3371,tá,6,tático
3372,pr,8,prevenir
3373,pe,10,perseverar
3374,qu,12,quantitativa
3375,ex,10,excelência
3376,de,12,demonstração
3377,in,12,independente
3378,po,10,potenciais
3379,sa,8,salários
3380,ca,5,capaz
3381,ma,13,matéria-prima
3382,fi,11,financeiros
3383,mí,5,mídia
3384,ap,4,após
3385,ti,5,times
3386,es,10,estendendo
3387,sa,7,sazonal
3388,co,9,comprá-lo
3389,aj,6,ajusta
3390,fi,6,fisgar
3391,ru,4,ruim
3392,av,9,avaliados
3393,fi,5,fixos
3394,ex,9,explicado
3395,fu,6,futuro
3396,ab,3,abc
3397,re,9,registros
3398,po,6,pontos
3399,pr,8,primeiro
3400,mã,3,mão
3401,ha,7,hacking
3402,pr,10,preço-alvo
3403,cl,9,clássicos
3404,ga,7,gartner
3405,in,11,incrementar
3406,co,4,cost
3407,an,4,anos
3408,co,11,construindo
3409,pr,10,predictive
3410,co,9,contratar
3411,co,8,contrato
3412,bl,3,blá
3413,cr,9,criativas
3414,oc,9,ocorrendo
3415,ân,7,ângulos
3416,ca,9,categoria
3417,qu,12,qualitativas
3418,ca,6,camada
3419,ma,8,manuseio
3420,in,11,indicadores
3421,lo,5,longe
3422,co,11,competitiva
3423,bu,8,burndown
3424,ki,4,kits
3425,ca,6,campos
3426,pr,13,produtividade
3427,po,6,porter
3428,ba,6,bancos
3429,fo,8,formados
3430,pl,8,plantada
3431,ag,9,agilidade
3432,al,7,alertas
3433,ul,8,ultimato
3434,in,8,incrível
3435,te,5,tempo
3436,en,7,entrega
3437,de,8,derivada
3438,de,9,declarada
3439,pe,2,pe
3440,vc,2,vc
3441,sc,2,sc
3442,pi,3,pis
3443,co,6,cofins
3444,pr,8,produtos
3445,pr,8,produtos
3446,se,8,serviços
3447,pl,4,plus
3448,de,5,delta
3449,wi,3,win
3450,lo,4,loss
3451,li,6,linear
3452,mú,8,múltipla
3453,rp,3,rpa
3454,me,3,mei
3455,cl,8,clientes
3456,se,9,segmentos
3457,mo,7,mocinho
3458,ba,7,bandido
3459,ge,2,ge
3460,mc,8,mckynsey
3461,pr,7,produto
3462,se,7,serviço
3463,ir,2,ir
3464,cs,2,cs
